Flight Name,Expected Takeoff Time,Actual Takeoff Time,Delay Time,Airline,Departure Airport,Arrival Airport
UA877,1690677179,1690679968,2789,United Airlines,ORD,BOS
UA844,1690677855,1690681309,3454,United Airlines,SFO,JFK
UA317,1690674093,1690683764,9671,United Airlines,ORD,DFW
UA903,1690672544,1690677307,4763,United Airlines,JFK,ORD
UA212,1690677511,1690679112,1601,United Airlines,BOS,SFO
UA314,1690673142,1690674363,1221,United Airlines,MKE,LAX
UA412,1690677603,1690678636,1033,United Airlines,DFW,SEA
UA917,1690679412,1690681453,2041,United Airlines,ORD,SEA
UA777,1690676056,1690679263,3207,United Airlines,ATL,MKE
UA100,1690679315,1690681340,2025,United Airlines,ORD,DFW
UA260,1690673710,1690674922,1212,United Airlines,SEA,BOS
UA610,1690673676,1690673684,8,United Airlines,LAX,DFW
UA583,1690672504,1690676330,3826,United Airlines,SEA,ATL
UA749,1690678062,1690686452,8390,United Airlines,SEA,SFO
UA798,1690674959,1690677473,2514,United Airlines,ATL,ORD
UA259,1690677465,1690680403,2938,United Airlines,DFW,SFO
UA930,1690678465,1690678714,249,United Airlines,SFO,MKE
UA121,1690675704,1690683053,7349,United Airlines,DFW,ORD
UA705,1690676168,1690685016,8848,United Airlines,DFW,ATL
UA641,1690673421,1690673729,308,United Airlines,DFW,JFK
UA197,1690677202,1690686001,8799,United Airlines,SFO,JFK
UA767,1690678814,1690686142,7328,United Airlines,JFK,ATL
UA332,1690673457,1690680640,7183,United Airlines,ORD,DFW
UA274,1690673852,1690678697,4845,United Airlines,SEA,LAX
UA275,1690677207,1690687315,10108,United Airlines,SFO,DFW
UA970,1690675535,1690675617,82,United Airlines,SEA,LAX
UA663,1690674211,1690676959,2748,United Airlines,DFW,BOS
UA597,1690673586,1690674598,1012,United Airlines,SFO,ATL
UA362,1690676472,1690684974,8502,United Airlines,SEA,ATL
UA644,1690678583,1690687486,8903,United Airlines,SEA,ATL
UA277,1690676081,1690676987,906,United Airlines,BOS,MKE
UA587,1690674609,1690679343,4734,United Airlines,ATL,SFO
UA433,1690677134,1690687573,10439,United Airlines,SFO,BOS
UA872,1690674988,1690677704,2716,United Airlines,LAX,ORD
UA372,1690678981,1690680060,1079,United Airlines,SEA,DFW
UA531,1690677163,1690677958,795,United Airlines,JFK,DFW
UA844,1690675325,1690681929,6604,United Airlines,SEA,LAX
UA319,1690677064,1690682909,5845,United Airlines,SFO,BOS
UA278,1690677095,1690679308,2213,United Airlines,ORD,BOS
UA146,1690677880,1690683821,5941,United Airlines,LAX,MKE
UA286,1690675558,1690676937,1379,United Airlines,JFK,DFW
UA350,1690678136,1690680723,2587,United Airlines,BOS,SFO
UA766,1690673540,1690682670,9130,United Airlines,ORD,ATL
UA459,1690676574,1690677037,463,United Airlines,DFW,LAX
UA386,1690674939,1690685167,10228,United Airlines,JFK,SEA
UA856,1690676237,1690686096,9859,United Airlines,ORD,JFK
UA957,1690674174,1690677906,3732,United Airlines,SFO,JFK
UA219,1690679490,1690689131,9641,United Airlines,DFW,SFO
UA327,1690678103,1690681654,3551,United Airlines,DFW,ATL
UA350,1690676505,1690679391,2886,United Airlines,LAX,DFW
UA408,1690675555,1690680869,5314,United Airlines,ORD,JFK
UA256,1690676379,1690679902,3523,United Airlines,ATL,JFK
UA861,1690679433,1690679865,432,United Airlines,ATL,SEA
UA122,1690675417,1690678168,2751,United Airlines,ORD,JFK
UA915,1690673246,1690682094,8848,United Airlines,SEA,LAX
UA166,1690677350,1690685428,8078,United Airlines,DFW,ORD
UA619,1690674888,1690678640,3752,United Airlines,LAX,SFO
UA387,1690677743,1690682683,4940,United Airlines,ORD,JFK
UA492,1690678840,1690681975,3135,United Airlines,ORD,MKE
UA290,1690679452,1690682970,3518,United Airlines,LAX,BOS
UA794,1690679315,1690680452,1137,United Airlines,SFO,MKE
UA889,1690676462,1690684599,8137,United Airlines,BOS,DFW
UA793,1690679338,1690689640,10302,United Airlines,LAX,BOS
UA764,1690677329,1690686196,8867,United Airlines,ORD,DFW
UA670,1690678259,1690679576,1317,United Airlines,ORD,BOS
UA290,1690674771,1690684490,9719,United Airlines,MKE,SFO
UA879,1690674212,1690679468,5256,United Airlines,MKE,ORD
UA828,1690675415,1690675792,377,United Airlines,LAX,ORD
UA646,1690674284,1690677623,3339,United Airlines,ORD,BOS
UA262,1690679370,1690684910,5540,United Airlines,JFK,MKE
UA597,1690674433,1690676426,1993,United Airlines,ORD,LAX
UA581,1690677187,1690679189,2002,United Airlines,JFK,BOS
UA750,1690679488,1690681935,2447,United Airlines,JFK,DFW
UA142,1690674214,1690677197,2983,United Airlines,JFK,SFO
UA188,1690676184,1690679275,3091,United Airlines,SFO,ORD
UA807,1690675132,1690681539,6407,United Airlines,BOS,ORD
UA734,1690673869,1690674553,684,United Airlines,LAX,SFO
UA267,1690676480,1690677916,1436,United Airlines,BOS,ORD
UA953,1690677839,1690682511,4672,United Airlines,LAX,BOS
UA298,1690677896,1690684698,6802,United Airlines,MKE,ORD
UA860,1690676485,1690677801,1316,United Airlines,SFO,SEA
UA601,1690676785,1690678523,1738,United Airlines,ORD,JFK
UA655,1690678195,1690683402,5207,United Airlines,JFK,SEA
UA460,1690677789,1690680654,2865,United Airlines,SEA,DFW
UA551,1690674756,1690676217,1461,United Airlines,LAX,SEA
UA889,1690679464,1690682031,2567,United Airlines,JFK,LAX
UA285,1690678890,1690687489,8599,United Airlines,MKE,SFO
UA789,1690677004,1690682763,5759,United Airlines,MKE,LAX
UA696,1690678854,1690682642,3788,United Airlines,ORD,SFO
UA197,1690678215,1690679662,1447,United Airlines,SEA,MKE
UA280,1690675485,1690683732,8247,United Airlines,SFO,DFW
UA546,1690673624,1690683591,9967,United Airlines,ORD,BOS
UA588,1690678053,1690681997,3944,United Airlines,MKE,BOS
UA962,1690676128,1690676150,22,United Airlines,DFW,SEA
UA354,1690673559,1690678302,4743,United Airlines,LAX,JFK
UA594,1690674558,1690681598,7040,United Airlines,DFW,MKE
UA252,1690674989,1690677282,2293,United Airlines,BOS,SFO
UA720,1690675646,1690678156,2510,United Airlines,JFK,LAX
UA982,1690676769,1690686111,9342,United Airlines,DFW,SFO
UA245,1690676510,1690676952,442,United Airlines,MKE,JFK
UA969,1690679303,1690688871,9568,United Airlines,DFW,ATL
UA445,1690674212,1690676140,1928,United Airlines,SEA,DFW
UA161,1690675615,1690676243,628,United Airlines,SEA,LAX
UA299,1690675430,1690678138,2708,United Airlines,SEA,SFO
UA582,1690673420,1690673909,489,United Airlines,SFO,BOS
UA310,1690677940,1690684095,6155,United Airlines,MKE,JFK
UA341,1690677202,1690687866,10664,United Airlines,LAX,SEA
UA605,1690678757,1690686784,8027,United Airlines,SEA,BOS
UA116,1690675055,1690676304,1249,United Airlines,ATL,ORD
UA876,1690673380,1690673834,454,United Airlines,ATL,SFO
UA913,1690673715,1690683101,9386,United Airlines,ATL,ORD
UA336,1690675747,1690681600,5853,United Airlines,SFO,SEA
UA437,1690679364,1690685585,6221,United Airlines,MKE,BOS
UA453,1690677026,1690681348,4322,United Airlines,DFW,JFK
UA208,1690674037,1690676700,2663,United Airlines,JFK,SEA
UA170,1690673179,1690674821,1642,United Airlines,ATL,MKE
UA552,1690672676,1690673464,788,United Airlines,LAX,SEA
UA470,1690674195,1690676371,2176,United Airlines,LAX,DFW
UA722,1690673937,1690675873,1936,United Airlines,ORD,LAX
UA341,1690677719,1690680097,2378,United Airlines,ATL,DFW
UA419,1690674761,1690678748,3987,United Airlines,LAX,SFO
UA979,1690677607,1690687107,9500,United Airlines,DFW,ATL
UA422,1690675938,1690679291,3353,United Airlines,SFO,SEA
UA552,1690672873,1690679980,7107,United Airlines,LAX,SEA
UA795,1690674916,1690677385,2469,United Airlines,SEA,BOS
UA124,1690676529,1690677861,1332,United Airlines,BOS,ATL
UA363,1690676700,1690683965,7265,United Airlines,MKE,SEA
UA856,1690678807,1690680432,1625,United Airlines,ORD,JFK
UA913,1690673899,1690675406,1507,United Airlines,JFK,DFW
UA979,1690673607,1690673923,316,United Airlines,ORD,SEA
UA242,1690676279,1690678589,2310,United Airlines,BOS,ORD
UA679,1690676790,1690684100,7310,United Airlines,MKE,SEA
UA642,1690678411,1690680368,1957,United Airlines,ORD,ATL
UA359,1690677424,1690681950,4526,United Airlines,BOS,ATL
UA291,1690673900,1690681386,7486,United Airlines,DFW,BOS
UA396,1690673496,1690682622,9126,United Airlines,SEA,LAX
UA480,1690673529,1690681845,8316,United Airlines,ATL,BOS
UA564,1690672477,1690673210,733,United Airlines,SFO,MKE
UA538,1690678655,1690679833,1178,United Airlines,ATL,JFK
UA462,1690672460,1690673926,1466,United Airlines,SFO,JFK
UA299,1690679150,1690683592,4442,United Airlines,SFO,LAX
UA371,1690672566,1690672769,203,United Airlines,ORD,MKE
UA767,1690676493,1690683404,6911,United Airlines,ORD,LAX
UA491,1690674998,1690675493,495,United Airlines,JFK,DFW
UA678,1690679306,1690683434,4128,United Airlines,DFW,SFO
UA122,1690678916,1690687210,8294,United Airlines,JFK,ATL
UA221,1690679277,1690681925,2648,United Airlines,ORD,BOS
UA194,1690676103,1690682881,6778,United Airlines,BOS,LAX
UA738,1690679155,1690686243,7088,United Airlines,LAX,ORD
UA917,1690678027,1690678442,415,United Airlines,ORD,SFO
UA577,1690675548,1690681233,5685,United Airlines,DFW,JFK
UA954,1690678444,1690680759,2315,United Airlines,ATL,SFO
UA635,1690677706,1690681664,3958,United Airlines,ORD,JFK
UA383,1690677882,1690688263,10381,United Airlines,LAX,SEA
UA648,1690679352,1690683285,3933,United Airlines,BOS,SEA
UA767,1690677628,1690687623,9995,United Airlines,BOS,SEA
UA986,1690676996,1690682406,5410,United Airlines,BOS,LAX
UA123,1690679145,1690682671,3526,United Airlines,JFK,SFO
UA416,1690679385,1690682643,3258,United Airlines,BOS,SEA
UA567,1690677097,1690687687,10590,United Airlines,ATL,MKE
UA886,1690679021,1690685385,6364,United Airlines,JFK,DFW
UA542,1690672873,1690673116,243,United Airlines,SFO,SEA
UA338,1690678992,1690682231,3239,United Airlines,LAX,JFK
UA878,1690675331,1690681490,6159,United Airlines,DFW,SEA
UA526,1690679453,1690683889,4436,United Airlines,BOS,SFO
UA144,1690674317,1690683985,9668,United Airlines,SFO,ATL
UA801,1690674780,1690676471,1691,United Airlines,ORD,SFO
UA436,1690673091,1690680265,7174,United Airlines,BOS,LAX
UA526,1690676564,1690686502,9938,United Airlines,LAX,MKE
UA804,1690677657,1690686051,8394,United Airlines,MKE,LAX
UA826,1690678188,1690684101,5913,United Airlines,SEA,MKE
UA212,1690674045,1690679112,5067,United Airlines,SEA,SFO
UA330,1690673555,1690673773,218,United Airlines,ATL,SEA
UA924,1690673958,1690676132,2174,United Airlines,SEA,MKE
UA530,1690673372,1690675289,1917,United Airlines,SEA,JFK
UA844,1690678629,1690680559,1930,United Airlines,DFW,BOS
UA908,1690679494,1690682783,3289,United Airlines,ORD,DFW
UA695,1690679200,1690680811,1611,United Airlines,JFK,BOS
UA796,1690673162,1690676333,3171,United Airlines,JFK,LAX
UA542,1690674247,1690677913,3666,United Airlines,SEA,ATL
UA799,1690672482,1690673739,1257,United Airlines,MKE,ATL
UA715,1690673352,1690679748,6396,United Airlines,LAX,ATL
UA823,1690673992,1690674695,703,United Airlines,LAX,SFO
UA358,1690675976,1690677785,1809,United Airlines,ATL,SEA
UA317,1690678593,1690688937,10344,United Airlines,DFW,JFK
UA184,1690672452,1690675105,2653,United Airlines,DFW,MKE
UA641,1690673986,1690680398,6412,United Airlines,MKE,SFO
UA123,1690675621,1690678370,2749,United Airlines,SEA,DFW
UA419,1690675998,1690678774,2776,United Airlines,ORD,BOS
UA417,1690677928,1690680797,2869,United Airlines,ORD,ATL
UA985,1690675760,1690678232,2472,United Airlines,JFK,BOS
UA888,1690678603,1690681550,2947,United Airlines,MKE,SEA
UA451,1690678372,1690683667,5295,United Airlines,LAX,DFW
UA948,1690677339,1690682311,4972,United Airlines,SEA,BOS
UA446,1690676445,1690679304,2859,United Airlines,BOS,JFK
UA968,1690673558,1690674788,1230,United Airlines,BOS,JFK
UA249,1690674633,1690676234,1601,United Airlines,ATL,DFW
UA899,1690674297,1690680971,6674,United Airlines,JFK,SFO
UA797,1690675886,1690678632,2746,United Airlines,SEA,LAX
UA726,1690675879,1690686295,10416,United Airlines,LAX,BOS
UA306,1690674270,1690676963,2693,United Airlines,MKE,SEA
UA602,1690676125,1690676927,802,United Airlines,BOS,LAX
UA563,1690677562,1690680441,2879,United Airlines,BOS,SEA
UA385,1690677278,1690678429,1151,United Airlines,ORD,MKE
UA752,1690672655,1690675623,2968,United Airlines,DFW,LAX
UA727,1690675142,1690675643,501,United Airlines,MKE,ORD
UA443,1690672886,1690676230,3344,United Airlines,ATL,SEA
UA611,1690677882,1690679108,1226,United Airlines,JFK,LAX
UA399,1690677783,1690686157,8374,United Airlines,BOS,SFO
UA270,1690678400,1690682108,3708,United Airlines,DFW,SFO
UA295,1690676145,1690678131,1986,United Airlines,SEA,DFW
UA232,1690674072,1690684079,10007,United Airlines,JFK,ATL
UA857,1690676778,1690685048,8270,United Airlines,LAX,SFO
UA942,1690673767,1690676062,2295,United Airlines,JFK,BOS
UA510,1690677267,1690683994,6727,United Airlines,DFW,JFK
UA572,1690677833,1690687316,9483,United Airlines,ORD,JFK
UA727,1690673595,1690674915,1320,United Airlines,BOS,MKE
UA115,1690672991,1690681952,8961,United Airlines,JFK,ORD
UA589,1690674085,1690683563,9478,United Airlines,LAX,JFK
UA508,1690673000,1690676035,3035,United Airlines,SEA,JFK
UA348,1690675501,1690683509,8008,United Airlines,ORD,LAX
UA277,1690675980,1690679593,3613,United Airlines,SEA,LAX
UA742,1690674978,1690676349,1371,United Airlines,ATL,SEA
UA604,1690676651,1690682886,6235,United Airlines,BOS,JFK
UA746,1690677534,1690680250,2716,United Airlines,SEA,MKE
UA243,1690676671,1690684408,7737,United Airlines,MKE,JFK
UA840,1690676944,1690679512,2568,United Airlines,ATL,SEA
UA478,1690673424,1690679749,6325,United Airlines,MKE,BOS
UA679,1690677904,1690679633,1729,United Airlines,DFW,JFK
UA977,1690678793,1690680256,1463,United Airlines,BOS,ORD
UA758,1690677314,1690680230,2916,United Airlines,DFW,SEA
UA375,1690676376,1690678441,2065,United Airlines,JFK,SEA
UA733,1690673861,1690676613,2752,United Airlines,ORD,MKE
UA297,1690678095,1690682867,4772,United Airlines,SEA,MKE
UA799,1690676892,1690677064,172,United Airlines,LAX,ORD
UA386,1690679226,1690681289,2063,United Airlines,SFO,JFK
UA196,1690676278,1690677989,1711,United Airlines,SFO,BOS
UA856,1690673877,1690674103,226,United Airlines,SEA,ATL
UA706,1690676547,1690677588,1041,United Airlines,ORD,SFO
UA132,1690678290,1690686971,8681,United Airlines,SEA,LAX
UA101,1690676219,1690679736,3517,United Airlines,JFK,SFO
UA785,1690677210,1690681708,4498,United Airlines,JFK,LAX
UA826,1690675328,1690678059,2731,United Airlines,ORD,DFW
UA343,1690674751,1690685036,10285,United Airlines,SFO,SEA
UA341,1690674162,1690674288,126,United Airlines,JFK,ORD
UA721,1690675391,1690683455,8064,United Airlines,SEA,ATL
UA318,1690677320,1690678618,1298,United Airlines,ORD,MKE
UA856,1690674522,1690685125,10603,United Airlines,ORD,DFW
UA665,1690676026,1690678189,2163,United Airlines,LAX,SFO
UA412,1690677849,1690679663,1814,United Airlines,ORD,ATL
AA729,1690672903,1690674365,1462,American Airlines,ATL,ORD
AA907,1690679434,1690681153,1719,American Airlines,MKE,DFW
AA773,1690677595,1690679015,1420,American Airlines,ATL,DFW
AA439,1690673023,1690673769,746,American Airlines,SFO,ATL
AA869,1690674338,1690681506,7168,American Airlines,JFK,LAX
AA992,1690677578,1690678813,1235,American Airlines,MKE,ATL
AA297,1690679068,1690680591,1523,American Airlines,SEA,ORD
AA722,1690675199,1690677274,2075,American Airlines,ORD,JFK
AA576,1690676770,1690679928,3158,American Airlines,ATL,SEA
AA427,1690673260,1690673852,592,American Airlines,MKE,DFW
AA447,1690672715,1690672800,85,American Airlines,ATL,SFO
AA774,1690674891,1690677848,2957,American Airlines,SFO,ORD
AA792,1690676349,1690676349,0,American Airlines,SEA,DFW
AA678,1690678717,1690680461,1744,American Airlines,SFO,JFK
AA529,1690676192,1690677337,1145,American Airlines,DFW,ORD
AA105,1690673143,1690674518,1375,American Airlines,SEA,DFW
AA791,1690672309,1690676811,4502,American Airlines,JFK,SFO
AA342,1690675855,1690675991,136,American Airlines,DFW,SFO
AA171,1690679166,1690681468,2302,American Airlines,SFO,DFW
AA706,1690676961,1690687568,10607,American Airlines,ATL,SFO
AA411,1690676347,1690677964,1617,American Airlines,LAX,SEA
AA110,1690678896,1690678900,4,American Airlines,LAX,ATL
AA933,1690677487,1690679441,1954,American Airlines,DFW,JFK
AA607,1690676025,1690678468,2443,American Airlines,DFW,ORD
AA737,1690672393,1690673471,1078,American Airlines,DFW,JFK
AA389,1690673571,1690678679,5108,American Airlines,JFK,BOS
AA564,1690678686,1690680177,1491,American Airlines,BOS,MKE
AA342,1690679181,1690682127,2946,American Airlines,MKE,DFW
AA436,1690676199,1690678698,2499,American Airlines,BOS,LAX
AA180,1690672450,1690675460,3010,American Airlines,DFW,SFO
AA628,1690674647,1690675695,1048,American Airlines,LAX,JFK
AA716,1690678486,1690680292,1806,American Airlines,ORD,DFW
AA705,1690674028,1690675590,1562,American Airlines,BOS,SEA
AA344,1690676301,1690679891,3590,American Airlines,SEA,ORD
AA116,1690679304,1690685517,6213,American Airlines,SEA,ATL
AA799,1690673717,1690682681,8964,American Airlines,SEA,DFW
AA620,1690672531,1690675342,2811,American Airlines,JFK,ORD
AA564,1690673772,1690675165,1393,American Airlines,ATL,SFO
AA814,1690673435,1690676506,3071,American Airlines,ATL,JFK
AA250,1690678377,1690679965,1588,American Airlines,JFK,SFO
AA921,1690674409,1690677207,2798,American Airlines,SFO,SEA
AA316,1690678001,1690681593,3592,American Airlines,ORD,MKE
AA813,1690674414,1690677781,3367,American Airlines,ORD,ATL
AA592,1690673694,1690676085,2391,American Airlines,BOS,ORD
AA638,1690673884,1690675242,1358,American Airlines,ORD,BOS
AA435,1690675805,1690676161,356,American Airlines,ATL,BOS
AA331,1690674410,1690683827,9417,American Airlines,LAX,JFK
AA223,1690677027,1690684787,7760,American Airlines,ATL,SFO
AA193,1690673582,1690675028,1446,American Airlines,ORD,DFW
AA398,1690678531,1690680242,1711,American Airlines,ORD,ATL
AA607,1690677871,1690680189,2318,American Airlines,SEA,MKE
AA626,1690677177,1690680674,3497,American Airlines,ORD,SEA
AA953,1690675569,1690679022,3453,American Airlines,MKE,SEA
AA899,1690677473,1690679486,2013,American Airlines,SEA,SFO
AA299,1690672756,1690673662,906,American Airlines,JFK,ATL
AA308,1690674967,1690677341,2374,American Airlines,MKE,ATL
AA782,1690674803,1690675113,310,American Airlines,JFK,SFO
AA244,1690679043,1690680135,1092,American Airlines,ATL,JFK
AA129,1690673296,1690673767,471,American Airlines,ORD,SEA
AA372,1690674667,1690674761,94,American Airlines,SFO,LAX
AA602,1690675544,1690676694,1150,American Airlines,ORD,BOS
AA756,1690678316,1690681021,2705,American Airlines,ORD,SEA
AA540,1690678294,1690678676,382,American Airlines,MKE,DFW
AA208,1690674425,1690677915,3490,American Airlines,SFO,SEA
AA938,1690678302,1690680866,2564,American Airlines,ATL,JFK
AA276,1690677825,1690681209,3384,American Airlines,ORD,SEA
AA792,1690678233,1690681539,3306,American Airlines,LAX,SFO
AA470,1690679305,1690689019,9714,American Airlines,DFW,SEA
AA724,1690674406,1690676482,2076,American Airlines,LAX,ATL
AA153,1690679116,1690681243,2127,American Airlines,MKE,JFK
AA920,1690678708,1690680831,2123,American Airlines,SEA,MKE
AA878,1690674214,1690675111,897,American Airlines,MKE,SFO
AA669,1690677088,1690678239,1151,American Airlines,JFK,MKE
AA147,1690672976,1690674553,1577,American Airlines,MKE,LAX
AA737,1690676709,1690679821,3112,American Airlines,BOS,ORD
AA146,1690673330,1690675351,2021,American Airlines,LAX,MKE
AA579,1690675721,1690683554,7833,American Airlines,DFW,SEA
AA474,1690677100,1690678400,1300,American Airlines,BOS,ATL
AA797,1690678814,1690681818,3004,American Airlines,DFW,LAX
AA383,1690677929,1690679292,1363,American Airlines,SEA,JFK
AA238,1690678682,1690681917,3235,American Airlines,SFO,BOS
AA237,1690675163,1690678664,3501,American Airlines,DFW,ORD
AA359,1690673454,1690676119,2665,American Airlines,DFW,JFK
AA600,1690673837,1690675957,2120,American Airlines,DFW,JFK
AA148,1690678259,1690681447,3188,American Airlines,MKE,SEA
AA419,1690672844,1690675326,2482,American Airlines,MKE,LAX
AA773,1690678797,1690681546,2749,American Airlines,LAX,SFO
AA969,1690677243,1690686010,8767,American Airlines,ATL,SFO
AA592,1690676803,1690677474,671,American Airlines,SFO,JFK
AA246,1690672964,1690674172,1208,American Airlines,ORD,LAX
AA372,1690676935,1690679067,2132,American Airlines,LAX,ORD
AA148,1690675705,1690685942,10237,American Airlines,JFK,SFO
AA702,1690675451,1690680885,5434,American Airlines,ATL,ORD
AA124,1690677454,1690680987,3533,American Airlines,SFO,DFW
AA577,1690674765,1690677450,2685,American Airlines,ORD,JFK
AA173,1690675405,1690677539,2134,American Airlines,MKE,JFK
AA818,1690678645,1690688794,10149,American Airlines,SEA,JFK
AA969,1690674105,1690677170,3065,American Airlines,BOS,DFW
AA349,1690678843,1690679696,853,American Airlines,SFO,ORD
AA489,1690677895,1690680767,2872,American Airlines,ATL,MKE
AA109,1690673006,1690678750,5744,American Airlines,ORD,SFO
AA615,1690675051,1690678331,3280,American Airlines,LAX,BOS
AA958,1690675523,1690677353,1830,American Airlines,DFW,BOS
AA172,1690675603,1690683800,8197,American Airlines,ORD,BOS
AA614,1690678058,1690679516,1458,American Airlines,ORD,ATL
AA974,1690674454,1690682352,7898,American Airlines,MKE,JFK
AA618,1690677490,1690679869,2379,American Airlines,ATL,JFK
AA190,1690679309,1690680784,1475,American Airlines,SEA,MKE
AA951,1690676285,1690679629,3344,American Airlines,ATL,ORD
AA625,1690674902,1690678116,3214,American Airlines,DFW,SFO
AA531,1690672885,1690673387,502,American Airlines,BOS,ATL
AA151,1690676337,1690678202,1865,American Airlines,SFO,MKE
AA535,1690673854,1690676304,2450,American Airlines,ATL,SFO
AA311,1690675268,1690678324,3056,American Airlines,SFO,BOS
AA341,1690675792,1690677918,2126,American Airlines,DFW,SEA
AA142,1690673211,1690673319,108,American Airlines,JFK,LAX
AA823,1690678637,1690681880,3243,American Airlines,JFK,BOS
AA310,1690678155,1690681207,3052,American Airlines,ATL,ORD
AA305,1690675428,1690675568,140,American Airlines,ORD,SEA
AA564,1690673252,1690676495,3243,American Airlines,LAX,ATL
AA558,1690679432,1690679822,390,American Airlines,ATL,SFO
AA671,1690678430,1690679271,841,American Airlines,SEA,DFW
AA807,1690676818,1690677144,326,American Airlines,JFK,DFW
AA770,1690672663,1690674553,1890,American Airlines,JFK,BOS
AA604,1690674168,1690674761,593,American Airlines,MKE,ORD
AA462,1690672907,1690676195,3288,American Airlines,SEA,DFW
AA358,1690672384,1690672477,93,American Airlines,LAX,SFO
AA402,1690673309,1690682814,9505,American Airlines,LAX,BOS
AA864,1690673932,1690677655,3723,American Airlines,DFW,ATL
AA207,1690676915,1690685082,8167,American Airlines,ORD,LAX
AA639,1690678741,1690681793,3052,American Airlines,ORD,SFO
AA924,1690672700,1690673139,439,American Airlines,BOS,JFK
AA369,1690672589,1690674566,1977,American Airlines,ATL,SEA
AA337,1690678310,1690680864,2554,American Airlines,SFO,BOS
AA502,1690676285,1690684998,8713,American Airlines,MKE,ATL
AA987,1690676553,1690676591,38,American Airlines,ATL,ORD
AA364,1690675781,1690678033,2252,American Airlines,ORD,SEA
AA122,1690678994,1690679426,432,American Airlines,BOS,SFO
AA222,1690677324,1690683308,5984,American Airlines,LAX,ORD
AA985,1690673854,1690681630,7776,American Airlines,LAX,JFK
AA475,1690677904,1690678254,350,American Airlines,LAX,JFK
AA703,1690674310,1690675920,1610,American Airlines,ATL,SFO
AA724,1690679251,1690679372,121,American Airlines,MKE,LAX
AA622,1690676478,1690679928,3450,American Airlines,SEA,ATL
AA411,1690672783,1690674979,2196,American Airlines,BOS,ATL
AA580,1690679371,1690681742,2371,American Airlines,JFK,SEA
AA443,1690674619,1690677869,3250,American Airlines,ORD,MKE
AA651,1690673475,1690675335,1860,American Airlines,BOS,LAX
AA855,1690676724,1690677961,1237,American Airlines,SFO,SEA
AA732,1690676368,1690684111,7743,American Airlines,MKE,LAX
AA508,1690678664,1690679714,1050,American Airlines,SFO,JFK
AA818,1690679246,1690680916,1670,American Airlines,DFW,SFO
AA178,1690676496,1690678837,2341,American Airlines,DFW,SEA
AA321,1690676019,1690677779,1760,American Airlines,ORD,BOS
AA776,1690673257,1690676129,2872,American Airlines,ATL,DFW
AA831,1690675639,1690678311,2672,American Airlines,LAX,BOS
AA391,1690673605,1690676892,3287,American Airlines,LAX,MKE
AA735,1690673104,1690673410,306,American Airlines,DFW,ORD
AA160,1690673738,1690674907,1169,American Airlines,BOS,DFW
AA918,1690678819,1690686407,7588,American Airlines,LAX,JFK
AA725,1690674997,1690678098,3101,American Airlines,MKE,ORD
AA768,1690674499,1690677490,2991,American Airlines,SEA,LAX
AA900,1690672314,1690673223,909,American Airlines,ORD,SEA
AA567,1690675328,1690676621,1293,American Airlines,ATL,LAX
AA303,1690674024,1690676907,2883,American Airlines,SFO,DFW
AA881,1690675578,1690677834,2256,American Airlines,DFW,ATL
AA330,1690679351,1690682310,2959,American Airlines,ATL,DFW
AA809,1690674661,1690681630,6969,American Airlines,DFW,SEA
AA523,1690677958,1690683363,5405,American Airlines,BOS,JFK
AA428,1690674509,1690675812,1303,American Airlines,ORD,DFW
AA436,1690675146,1690675249,103,American Airlines,SFO,ORD
AA240,1690678306,1690679206,900,American Airlines,LAX,ATL
AA879,1690674332,1690674512,180,American Airlines,BOS,DFW
AA898,1690673551,1690676435,2884,American Airlines,LAX,ATL
AA449,1690678860,1690685247,6387,American Airlines,SFO,SEA
AA939,1690679235,1690680198,963,American Airlines,ATL,ORD
AA898,1690675676,1690677783,2107,American Airlines,SFO,MKE
AA654,1690673946,1690675687,1741,American Airlines,MKE,SFO
AA840,1690675494,1690683981,8487,American Airlines,LAX,ORD
AA206,1690678709,1690681780,3071,American Airlines,LAX,ATL
AA885,1690678656,1690680310,1654,American Airlines,LAX,ORD
AA425,1690672880,1690676045,3165,American Airlines,ATL,MKE
AA833,1690674672,1690675522,850,American Airlines,SEA,BOS
AA100,1690678045,1690678791,746,American Airlines,DFW,SFO
AA173,1690673462,1690675763,2301,American Airlines,SEA,ATL
AA213,1690676607,1690680011,3404,American Airlines,ATL,LAX
AA981,1690678723,1690681039,2316,American Airlines,ORD,JFK
AA146,1690676447,1690676745,298,American Airlines,SFO,LAX
AA260,1690678897,1690678977,80,American Airlines,SEA,BOS
AA437,1690675208,1690678495,3287,American Airlines,DFW,LAX
AA535,1690674189,1690674962,773,American Airlines,LAX,JFK
AA834,1690672335,1690674618,2283,American Airlines,SFO,DFW
AA952,1690676516,1690677468,952,American Airlines,ORD,LAX
AA616,1690672646,1690676384,3738,American Airlines,MKE,BOS
AA486,1690678167,1690679587,1420,American Airlines,LAX,SEA
AA558,1690674666,1690676029,1363,American Airlines,ATL,LAX
AA540,1690676124,1690679540,3416,American Airlines,ORD,JFK
AA545,1690675552,1690676344,792,American Airlines,LAX,MKE
AA925,1690674914,1690675533,619,American Airlines,ORD,MKE
AA130,1690675509,1690676741,1232,American Airlines,SEA,BOS
AA771,1690677010,1690679939,2929,American Airlines,SEA,BOS
AA403,1690672808,1690676852,4044,American Airlines,MKE,SFO
AA709,1690673702,1690675485,1783,American Airlines,SEA,ORD
AA459,1690676773,1690680182,3409,American Airlines,JFK,DFW
AA463,1690674630,1690675212,582,American Airlines,SEA,BOS
AA789,1690674371,1690677269,2898,American Airlines,SFO,SEA
AA193,1690678026,1690680671,2645,American Airlines,SFO,SEA
AA674,1690674613,1690677566,2953,American Airlines,MKE,SEA
AA199,1690676997,1690683979,6982,American Airlines,SFO,DFW
AA682,1690673196,1690673749,553,American Airlines,LAX,ORD
AA176,1690678052,1690679365,1313,American Airlines,SFO,DFW
AA876,1690673349,1690676775,3426,American Airlines,LAX,SFO
AA845,1690677987,1690680362,2375,American Airlines,SFO,MKE
AA589,1690675058,1690677842,2784,American Airlines,SEA,SFO
AA218,1690677003,1690678160,1157,American Airlines,JFK,ATL
AA394,1690678055,1690683132,5077,American Airlines,LAX,BOS
AA856,1690678718,1690681845,3127,American Airlines,MKE,SEA
AA614,1690674046,1690675382,1336,American Airlines,ORD,SEA
AA657,1690675586,1690678547,2961,American Airlines,SFO,ORD
AA677,1690673733,1690675707,1974,American Airlines,ATL,DFW
AA687,1690674933,1690678204,3271,American Airlines,SFO,ORD
AA753,1690675716,1690684360,8644,American Airlines,MKE,SEA
AA880,1690675080,1690678186,3106,American Airlines,LAX,JFK
AA992,1690674903,1690677025,2122,American Airlines,BOS,ORD
AA755,1690674227,1690676473,2246,American Airlines,ORD,SEA
AA713,1690678182,1690685545,7363,American Airlines,ORD,DFW
AA598,1690672924,1690674481,1557,American Airlines,JFK,DFW
AA150,1690675506,1690678313,2807,American Airlines,BOS,SEA
AA983,1690674071,1690675357,1286,American Airlines,MKE,ORD
AA644,1690673821,1690677218,3397,American Airlines,BOS,LAX
AA746,1690677832,1690679454,1622,American Airlines,SFO,BOS
AA949,1690675716,1690676746,1030,American Airlines,ATL,BOS
AA896,1690673257,1690675192,1935,American Airlines,ATL,SFO
AA130,1690673194,1690674324,1130,American Airlines,SEA,ORD
AA865,1690675975,1690676821,846,American Airlines,SFO,MKE
AA769,1690678501,1690680394,1893,American Airlines,LAX,SEA
AA938,1690673915,1690677277,3362,American Airlines,BOS,LAX
AA710,1690677765,1690680885,3120,American Airlines,SFO,JFK
AA858,1690676592,1690678062,1470,American Airlines,ORD,DFW
AA155,1690674794,1690678379,3585,American Airlines,ATL,MKE
AA261,1690676629,1690676693,64,American Airlines,JFK,DFW
AA724,1690678543,1690680702,2159,American Airlines,BOS,ATL
AA599,1690676276,1690676292,16,American Airlines,JFK,ORD
AA396,1690678373,1690678993,620,American Airlines,SFO,ATL
AA458,1690679157,1690688313,9156,American Airlines,ORD,LAX
AA146,1690672782,1690674554,1772,American Airlines,ORD,ATL
AA418,1690677606,1690680543,2937,American Airlines,DFW,LAX
AA406,1690677092,1690678424,1332,American Airlines,DFW,SFO
AA971,1690675392,1690678140,2748,American Airlines,BOS,SEA
AA411,1690677436,1690677512,76,American Airlines,MKE,ATL
SW545,1690677067,1690678729,1662,Southwest Airlines,JFK,DFW
SW755,1690676823,1690678044,1221,Southwest Airlines,SFO,MKE
SW942,1690673283,1690674770,1487,Southwest Airlines,MKE,LAX
SW639,1690674936,1690676821,1885,Southwest Airlines,ORD,LAX
SW244,1690674430,1690675388,958,Southwest Airlines,LAX,JFK
SW328,1690672414,1690678168,5754,Southwest Airlines,SFO,MKE
SW792,1690675853,1690676332,479,Southwest Airlines,JFK,ATL
SW800,1690676676,1690683307,6631,Southwest Airlines,SEA,LAX
SW203,1690673677,1690674122,445,Southwest Airlines,BOS,ATL
SW583,1690674321,1690675609,1288,Southwest Airlines,JFK,LAX
SW427,1690674080,1690675649,1569,Southwest Airlines,ORD,DFW
SW632,1690676541,1690677586,1045,Southwest Airlines,JFK,SEA
SW151,1690676544,1690678904,2360,Southwest Airlines,LAX,JFK
SW138,1690677858,1690679331,1473,Southwest Airlines,ATL,ORD
SW878,1690676652,1690679668,3016,Southwest Airlines,BOS,MKE
SW533,1690679273,1690681240,1967,Southwest Airlines,MKE,BOS
SW359,1690677921,1690680467,2546,Southwest Airlines,ORD,BOS
SW485,1690672988,1690674875,1887,Southwest Airlines,MKE,DFW
SW478,1690676418,1690679194,2776,Southwest Airlines,DFW,MKE
SW629,1690674992,1690676592,1600,Southwest Airlines,ORD,SFO
SW140,1690673391,1690676577,3186,Southwest Airlines,ORD,LAX
SW632,1690678184,1690680190,2006,Southwest Airlines,ATL,JFK
SW667,1690679233,1690686429,7196,Southwest Airlines,ATL,BOS
SW399,1690676066,1690678997,2931,Southwest Airlines,BOS,LAX
SW766,1690672471,1690673788,1317,Southwest Airlines,SEA,ATL
SW267,1690677984,1690679677,1693,Southwest Airlines,BOS,LAX
SW178,1690677654,1690678508,854,Southwest Airlines,SFO,SEA
SW897,1690679222,1690679609,387,Southwest Airlines,ATL,MKE
SW551,1690677430,1690680296,2866,Southwest Airlines,DFW,SFO
SW601,1690677212,1690677251,39,Southwest Airlines,ATL,SEA
SW767,1690672587,1690673074,487,Southwest Airlines,DFW,SEA
SW279,1690677750,1690681309,3559,Southwest Airlines,SEA,ORD
SW695,1690677508,1690680003,2495,Southwest Airlines,ORD,JFK
SW634,1690677971,1690682612,4641,Southwest Airlines,SEA,SFO
SW203,1690675669,1690678802,3133,Southwest Airlines,DFW,MKE
SW623,1690674405,1690676317,1912,Southwest Airlines,SEA,ORD
SW542,1690676623,1690679166,2543,Southwest Airlines,LAX,SEA
SW343,1690674605,1690678051,3446,Southwest Airlines,JFK,SEA
SW150,1690679173,1690681606,2433,Southwest Airlines,BOS,MKE
SW398,1690673660,1690676695,3035,Southwest Airlines,JFK,ATL
SW429,1690677159,1690678246,1087,Southwest Airlines,SEA,SFO
SW278,1690675469,1690675946,477,Southwest Airlines,ORD,LAX
SW749,1690677893,1690680824,2931,Southwest Airlines,ATL,BOS
SW992,1690675050,1690675999,949,Southwest Airlines,MKE,SFO
SW214,1690672642,1690674806,2164,Southwest Airlines,JFK,MKE
SW960,1690672903,1690674401,1498,Southwest Airlines,DFW,ATL
SW532,1690672485,1690673658,1173,Southwest Airlines,SFO,MKE
SW914,1690676799,1690679975,3176,Southwest Airlines,JFK,LAX
SW454,1690673574,1690675162,1588,Southwest Airlines,SEA,MKE
SW699,1690678925,1690682428,3503,Southwest Airlines,SFO,ATL
SW231,1690676425,1690680527,4102,Southwest Airlines,ORD,MKE
SW892,1690678087,1690679378,1291,Southwest Airlines,SFO,ATL
SW131,1690678699,1690678958,259,Southwest Airlines,MKE,JFK
SW726,1690678180,1690680825,2645,Southwest Airlines,DFW,ATL
SW527,1690672328,1690675021,2693,Southwest Airlines,JFK,SEA
SW551,1690672490,1690676070,3580,Southwest Airlines,LAX,SEA
SW833,1690675586,1690675784,198,Southwest Airlines,JFK,ORD
SW584,1690677219,1690677406,187,Southwest Airlines,SFO,SEA
SW204,1690677206,1690680035,2829,Southwest Airlines,SFO,SEA
SW563,1690679021,1690689109,10088,Southwest Airlines,LAX,SEA
SW265,1690677459,1690680105,2646,Southwest Airlines,DFW,SEA
SW453,1690676858,1690677585,727,Southwest Airlines,LAX,DFW
SW513,1690673521,1690675091,1570,Southwest Airlines,MKE,SFO
SW377,1690673714,1690676897,3183,Southwest Airlines,JFK,SEA
SW823,1690674482,1690674590,108,Southwest Airlines,ATL,SFO
SW984,1690674848,1690676503,1655,Southwest Airlines,ORD,SEA
SW842,1690679138,1690681653,2515,Southwest Airlines,DFW,ORD
SW527,1690675075,1690677330,2255,Southwest Airlines,JFK,SEA
SW766,1690674292,1690680367,6075,Southwest Airlines,MKE,BOS
SW290,1690674768,1690679232,4464,Southwest Airlines,SEA,JFK
SW413,1690674603,1690677377,2774,Southwest Airlines,JFK,MKE
SW392,1690678996,1690681618,2622,Southwest Airlines,ATL,ORD
SW445,1690676053,1690681535,5482,Southwest Airlines,MKE,SFO
SW304,1690675742,1690680879,5137,Southwest Airlines,BOS,SFO
SW834,1690672938,1690683324,10386,Southwest Airlines,BOS,JFK
SW545,1690676685,1690681600,4915,Southwest Airlines,SFO,LAX
SW382,1690674199,1690683312,9113,Southwest Airlines,JFK,SFO
SW816,1690678258,1690680603,2345,Southwest Airlines,JFK,DFW
SW841,1690674977,1690677706,2729,Southwest Airlines,BOS,DFW
SW748,1690676992,1690678690,1698,Southwest Airlines,ORD,ATL
SW940,1690678110,1690679447,1337,Southwest Airlines,ATL,LAX
SW891,1690679207,1690679553,346,Southwest Airlines,LAX,ORD
SW440,1690673925,1690674115,190,Southwest Airlines,DFW,SEA
SW763,1690673350,1690683173,9823,Southwest Airlines,JFK,DFW
SW534,1690677109,1690680675,3566,Southwest Airlines,MKE,ORD
SW157,1690676802,1690683765,6963,Southwest Airlines,DFW,LAX
SW381,1690678091,1690679694,1603,Southwest Airlines,MKE,ATL
SW343,1690674757,1690675505,748,Southwest Airlines,ORD,ATL
SW337,1690674167,1690675101,934,Southwest Airlines,DFW,SFO
SW937,1690674757,1690676307,1550,Southwest Airlines,MKE,JFK
SW707,1690675216,1690684253,9037,Southwest Airlines,MKE,BOS
SW447,1690678807,1690686062,7255,Southwest Airlines,BOS,ORD
SW225,1690672358,1690673574,1216,Southwest Airlines,JFK,ATL
SW608,1690674057,1690674700,643,Southwest Airlines,JFK,MKE
SW771,1690674691,1690676260,1569,Southwest Airlines,JFK,DFW
SW411,1690674062,1690674323,261,Southwest Airlines,ORD,ATL
SW983,1690676486,1690682956,6470,Southwest Airlines,LAX,SEA
SW304,1690672409,1690681536,9127,Southwest Airlines,MKE,ATL
SW962,1690676343,1690679860,3517,Southwest Airlines,LAX,DFW
SW930,1690679362,1690682740,3378,Southwest Airlines,BOS,SFO
SW302,1690673604,1690674484,880,Southwest Airlines,MKE,ATL
SW276,1690676698,1690678647,1949,Southwest Airlines,ORD,MKE
SW645,1690677239,1690680211,2972,Southwest Airlines,DFW,SFO
SW872,1690677153,1690678285,1132,Southwest Airlines,LAX,SEA
SW490,1690675250,1690677929,2679,Southwest Airlines,MKE,SEA
SW264,1690673909,1690676721,2812,Southwest Airlines,SFO,LAX
SW301,1690673665,1690675814,2149,Southwest Airlines,SEA,JFK
SW170,1690676820,1690681781,4961,Southwest Airlines,SFO,MKE
SW199,1690677063,1690678183,1120,Southwest Airlines,SEA,ORD
SW325,1690675074,1690675294,220,Southwest Airlines,LAX,JFK
SW538,1690676666,1690677602,936,Southwest Airlines,SEA,BOS
SW866,1690673054,1690675454,2400,Southwest Airlines,SEA,LAX
SW939,1690679415,1690679610,195,Southwest Airlines,SFO,LAX
SW268,1690672849,1690675755,2906,Southwest Airlines,SEA,BOS
SW661,1690673385,1690679041,5656,Southwest Airlines,SFO,DFW
SW965,1690678888,1690682362,3474,Southwest Airlines,ATL,ORD
SW301,1690676744,1690677395,651,Southwest Airlines,JFK,MKE
SW843,1690674735,1690677237,2502,Southwest Airlines,JFK,ATL
SW895,1690679110,1690682554,3444,Southwest Airlines,ORD,LAX
SW184,1690674626,1690677476,2850,Southwest Airlines,LAX,ATL
SW754,1690674110,1690680769,6659,Southwest Airlines,MKE,SFO
SW305,1690672512,1690672628,116,Southwest Airlines,ATL,SEA
SW963,1690677787,1690680824,3037,Southwest Airlines,MKE,JFK
SW440,1690675797,1690686345,10548,Southwest Airlines,MKE,JFK
SW429,1690677610,1690678278,668,Southwest Airlines,ATL,LAX
SW694,1690677706,1690686684,8978,Southwest Airlines,BOS,SEA
SW808,1690676508,1690682680,6172,Southwest Airlines,MKE,SEA
SW818,1690679000,1690681898,2898,Southwest Airlines,DFW,ORD
SW647,1690674213,1690675529,1316,Southwest Airlines,LAX,JFK
SW160,1690674235,1690677743,3508,Southwest Airlines,SFO,MKE
SW711,1690672519,1690675617,3098,Southwest Airlines,SFO,DFW
SW366,1690674047,1690674924,877,Southwest Airlines,DFW,BOS
SW650,1690676220,1690678467,2247,Southwest Airlines,BOS,DFW
SW209,1690677256,1690680572,3316,Southwest Airlines,MKE,JFK
SW665,1690676668,1690686846,10178,Southwest Airlines,LAX,MKE
SW567,1690677520,1690687112,9592,Southwest Airlines,JFK,MKE
SW792,1690674818,1690675393,575,Southwest Airlines,JFK,LAX
SW413,1690677546,1690679319,1773,Southwest Airlines,SEA,DFW
SW346,1690677213,1690682705,5492,Southwest Airlines,DFW,MKE
SW849,1690672722,1690675121,2399,Southwest Airlines,BOS,DFW
SW716,1690679286,1690682203,2917,Southwest Airlines,SEA,ORD
SW596,1690675293,1690684024,8731,Southwest Airlines,JFK,LAX
SW404,1690674150,1690682148,7998,Southwest Airlines,ATL,DFW
SW171,1690675737,1690676729,992,Southwest Airlines,SFO,DFW
SW957,1690675772,1690679204,3432,Southwest Airlines,ORD,BOS
SW243,1690676424,1690678290,1866,Southwest Airlines,DFW,ORD
SW753,1690673463,1690681014,7551,Southwest Airlines,SEA,SFO
SW160,1690678670,1690679110,440,Southwest Airlines,SFO,MKE
SW103,1690679021,1690680826,1805,Southwest Airlines,SEA,MKE
SW497,1690674890,1690674925,35,Southwest Airlines,LAX,SFO
SW737,1690675524,1690678998,3474,Southwest Airlines,SEA,LAX
SW917,1690676817,1690687116,10299,Southwest Airlines,MKE,ORD
SW169,1690678929,1690679951,1022,Southwest Airlines,DFW,ATL
SW288,1690676393,1690676594,201,Southwest Airlines,DFW,ORD
SW866,1690674610,1690674952,342,Southwest Airlines,LAX,JFK
SW520,1690678167,1690681101,2934,Southwest Airlines,DFW,MKE
SW224,1690672425,1690674130,1705,Southwest Airlines,JFK,ORD
SW847,1690676563,1690677947,1384,Southwest Airlines,SFO,MKE
SW800,1690677247,1690679540,2293,Southwest Airlines,ATL,JFK
SW803,1690675639,1690682065,6426,Southwest Airlines,ATL,MKE
SW339,1690672941,1690681839,8898,Southwest Airlines,JFK,ORD
SW189,1690677053,1690678802,1749,Southwest Airlines,BOS,SEA
SW554,1690678984,1690679296,312,Southwest Airlines,ATL,JFK
SW252,1690675186,1690677664,2478,Southwest Airlines,MKE,BOS
SW409,1690676555,1690679789,3234,Southwest Airlines,MKE,BOS
SW335,1690675928,1690677026,1098,Southwest Airlines,ATL,LAX
SW787,1690673267,1690674716,1449,Southwest Airlines,ATL,SFO
SW653,1690678506,1690680758,2252,Southwest Airlines,ORD,LAX
SW407,1690677498,1690686262,8764,Southwest Airlines,ORD,JFK
SW604,1690678177,1690679833,1656,Southwest Airlines,ORD,BOS
SW762,1690674312,1690675522,1210,Southwest Airlines,JFK,BOS
SW361,1690676999,1690678528,1529,Southwest Airlines,DFW,ORD
SW737,1690674389,1690675692,1303,Southwest Airlines,LAX,SEA
SW767,1690674849,1690678354,3505,Southwest Airlines,SEA,MKE
SW432,1690677706,1690680902,3196,Southwest Airlines,SEA,ORD
SW538,1690673704,1690676030,2326,Southwest Airlines,BOS,ORD
SW567,1690677604,1690679925,2321,Southwest Airlines,MKE,DFW
SW937,1690676582,1690678284,1702,Southwest Airlines,SEA,ORD
SW115,1690674084,1690681638,7554,Southwest Airlines,SFO,LAX
SW418,1690672880,1690675526,2646,Southwest Airlines,LAX,ATL
SW422,1690673387,1690678667,5280,Southwest Airlines,ORD,SFO
SW940,1690676251,1690678216,1965,Southwest Airlines,SFO,LAX
SW868,1690673850,1690676987,3137,Southwest Airlines,SEA,SFO
SW715,1690673661,1690676131,2470,Southwest Airlines,DFW,SEA
SW170,1690677314,1690677849,535,Southwest Airlines,SEA,SFO
SW673,1690672400,1690681909,9509,Southwest Airlines,BOS,MKE
SW253,1690677694,1690679684,1990,Southwest Airlines,SEA,SFO
SW777,1690678093,1690679409,1316,Southwest Airlines,MKE,ATL
SW869,1690673050,1690676523,3473,Southwest Airlines,ORD,SEA
SW150,1690672335,1690673487,1152,Southwest Airlines,JFK,SEA
SW146,1690677830,1690680738,2908,Southwest Airlines,MKE,BOS
SW434,1690675832,1690677139,1307,Southwest Airlines,JFK,BOS
SW227,1690679417,1690688530,9113,Southwest Airlines,ORD,ATL
SW722,1690675965,1690677799,1834,Southwest Airlines,SEA,JFK
SW349,1690676071,1690678260,2189,Southwest Airlines,SEA,MKE
SW335,1690676387,1690678335,1948,Southwest Airlines,ORD,JFK
SW122,1690674981,1690678064,3083,Southwest Airlines,JFK,SEA
SW105,1690678666,1690680017,1351,Southwest Airlines,ATL,MKE
SW106,1690678034,1690680880,2846,Southwest Airlines,JFK,ORD
SW398,1690674434,1690675170,736,Southwest Airlines,MKE,LAX
SW907,1690673066,1690674177,1111,Southwest Airlines,ATL,SEA
SW464,1690673280,1690680964,7684,Southwest Airlines,LAX,SFO
SW908,1690672530,1690673423,893,Southwest Airlines,LAX,ATL
SW618,1690678086,1690680970,2884,Southwest Airlines,JFK,SEA
SW741,1690675552,1690676206,654,Southwest Airlines,JFK,LAX
SW301,1690673269,1690675656,2387,Southwest Airlines,LAX,JFK
SW677,1690675631,1690678179,2548,Southwest Airlines,BOS,DFW
SW869,1690677540,1690683517,5977,Southwest Airlines,MKE,ATL
SW874,1690672882,1690675337,2455,Southwest Airlines,JFK,BOS
SW767,1690679177,1690679744,567,Southwest Airlines,ORD,BOS
SW277,1690677351,1690677942,591,Southwest Airlines,DFW,BOS
SW413,1690675107,1690678294,3187,Southwest Airlines,BOS,SFO
SW876,1690674218,1690676793,2575,Southwest Airlines,JFK,ORD
SW781,1690675771,1690676959,1188,Southwest Airlines,SEA,ORD
SW178,1690679486,1690681643,2157,Southwest Airlines,SEA,BOS
SW684,1690676900,1690679019,2119,Southwest Airlines,LAX,DFW
SW984,1690678310,1690681293,2983,Southwest Airlines,DFW,BOS
SW303,1690674281,1690675014,733,Southwest Airlines,SFO,DFW
SW858,1690673560,1690681200,7640,Southwest Airlines,JFK,SEA
SW570,1690678165,1690680018,1853,Southwest Airlines,MKE,BOS
SW298,1690678652,1690681125,2473,Southwest Airlines,JFK,ATL
SW208,1690676968,1690684888,7920,Southwest Airlines,SEA,DFW
SW974,1690674800,1690676588,1788,Southwest Airlines,LAX,DFW
SW804,1690675638,1690677340,1702,Southwest Airlines,ORD,SEA
SW120,1690676348,1690679063,2715,Southwest Airlines,SEA,JFK
SW420,1690674972,1690678325,3353,Southwest Airlines,BOS,ORD
SW302,1690674017,1690674392,375,Southwest Airlines,BOS,DFW
SW211,1690675805,1690676628,823,Southwest Airlines,LAX,SFO
SW712,1690673286,1690676368,3082,Southwest Airlines,LAX,SEA
SW289,1690672377,1690680554,8177,Southwest Airlines,ATL,JFK
SW999,1690673853,1690675626,1773,Southwest Airlines,DFW,SEA
SW598,1690675385,1690678222,2837,Southwest Airlines,MKE,ORD
SW236,1690673419,1690674534,1115,Southwest Airlines,SEA,MKE
SW692,1690672419,1690674240,1821,Southwest Airlines,BOS,DFW
SW280,1690676391,1690677218,827,Southwest Airlines,SEA,JFK
SW191,1690677402,1690679620,2218,Southwest Airlines,DFW,LAX
SW546,1690678045,1690680552,2507,Southwest Airlines,ATL,SEA
SW744,1690673396,1690676953,3557,Southwest Airlines,ORD,LAX
SW179,1690675765,1690676238,473,Southwest Airlines,DFW,SEA
SW476,1690674480,1690674680,200,Southwest Airlines,MKE,ORD
SW766,1690672740,1690678221,5481,Southwest Airlines,DFW,JFK
SW689,1690674508,1690674941,433,Southwest Airlines,SEA,MKE
SW102,1690675260,1690676843,1583,Southwest Airlines,SFO,MKE
SW737,1690675192,1690685539,10347,Southwest Airlines,JFK,DFW
SW763,1690675742,1690679201,3459,Southwest Airlines,ORD,BOS
SW845,1690675363,1690678560,3197,Southwest Airlines,SEA,SFO
SW218,1690678560,1690680042,1482,Southwest Airlines,MKE,BOS
SW153,1690676387,1690677226,839,Southwest Airlines,SFO,BOS
SW874,1690675909,1690679373,3464,Southwest Airlines,JFK,ORD
SW900,1690676874,1690680696,3822,Southwest Airlines,ORD,BOS
DL351,1690679151,1690680512,1361,Delta Air Lines,LAX,ATL
DL156,1690674189,1690675384,1195,Delta Air Lines,ATL,MKE
DL329,1690672799,1690673805,1006,Delta Air Lines,BOS,SEA
DL722,1690677443,1690677837,394,Delta Air Lines,LAX,MKE
DL662,1690672496,1690673596,1100,Delta Air Lines,SEA,JFK
DL663,1690678116,1690680476,2360,Delta Air Lines,DFW,LAX
DL809,1690677540,1690678149,609,Delta Air Lines,JFK,LAX
DL293,1690674760,1690674772,12,Delta Air Lines,ATL,ORD
DL485,1690673516,1690673597,81,Delta Air Lines,LAX,BOS
DL105,1690674917,1690676854,1937,Delta Air Lines,SEA,ORD
DL936,1690677077,1690678166,1089,Delta Air Lines,ORD,SFO
DL529,1690677469,1690679633,2164,Delta Air Lines,BOS,LAX
DL475,1690673048,1690673807,759,Delta Air Lines,SEA,JFK
DL146,1690673768,1690683604,9836,Delta Air Lines,JFK,BOS
DL864,1690676010,1690677763,1753,Delta Air Lines,JFK,ORD
DL902,1690672605,1690683171,10566,Delta Air Lines,ORD,BOS
DL502,1690678095,1690681452,3357,Delta Air Lines,ORD,MKE
DL763,1690678964,1690681422,2458,Delta Air Lines,SEA,LAX
DL419,1690674480,1690675932,1452,Delta Air Lines,ORD,SEA
DL272,1690678554,1690680775,2221,Delta Air Lines,SFO,JFK
DL400,1690677754,1690680868,3114,Delta Air Lines,DFW,ORD
DL866,1690676150,1690678225,2075,Delta Air Lines,SFO,ATL
DL748,1690673327,1690675707,2380,Delta Air Lines,JFK,SEA
DL249,1690679358,1690681702,2344,Delta Air Lines,ATL,SEA
DL336,1690678062,1690681143,3081,Delta Air Lines,DFW,MKE
DL619,1690678000,1690679368,1368,Delta Air Lines,DFW,LAX
DL173,1690678228,1690680786,2558,Delta Air Lines,BOS,SFO
DL359,1690674557,1690674665,108,Delta Air Lines,SEA,LAX
DL159,1690675713,1690678983,3270,Delta Air Lines,DFW,JFK
DL630,1690676421,1690683935,7514,Delta Air Lines,ORD,BOS
DL433,1690677691,1690677980,289,Delta Air Lines,ATL,DFW
DL954,1690675655,1690677896,2241,Delta Air Lines,DFW,LAX
DL113,1690673088,1690676621,3533,Delta Air Lines,MKE,LAX
DL267,1690672394,1690675350,2956,Delta Air Lines,ATL,MKE
DL491,1690678720,1690681142,2422,Delta Air Lines,SFO,ORD
DL374,1690672731,1690673388,657,Delta Air Lines,ORD,JFK
DL722,1690676085,1690678520,2435,Delta Air Lines,SFO,BOS
DL573,1690673670,1690681946,8276,Delta Air Lines,SFO,LAX
DL295,1690672514,1690682436,9922,Delta Air Lines,ORD,SEA
DL298,1690673642,1690681306,7664,Delta Air Lines,ATL,SEA
DL365,1690676652,1690678952,2300,Delta Air Lines,ORD,JFK
DL282,1690673809,1690677152,3343,Delta Air Lines,LAX,ATL
DL815,1690672740,1690675645,2905,Delta Air Lines,DFW,MKE
DL893,1690677023,1690687149,10126,Delta Air Lines,MKE,ATL
DL674,1690675271,1690675616,345,Delta Air Lines,ORD,DFW
DL583,1690676168,1690684410,8242,Delta Air Lines,BOS,SFO
DL998,1690674726,1690674750,24,Delta Air Lines,BOS,SFO
DL676,1690673041,1690681023,7982,Delta Air Lines,JFK,ATL
DL408,1690672982,1690676169,3187,Delta Air Lines,SEA,ORD
DL439,1690676773,1690677648,875,Delta Air Lines,DFW,MKE
DL625,1690672389,1690675343,2954,Delta Air Lines,DFW,MKE
DL631,1690679193,1690681631,2438,Delta Air Lines,ATL,ORD
DL808,1690675079,1690676310,1231,Delta Air Lines,DFW,ATL
DL353,1690674438,1690674704,266,Delta Air Lines,MKE,ORD
DL126,1690675060,1690678501,3441,Delta Air Lines,LAX,DFW
DL913,1690674262,1690676612,2350,Delta Air Lines,ATL,DFW
DL886,1690677557,1690678965,1408,Delta Air Lines,ATL,ORD
DL208,1690678671,1690688753,10082,Delta Air Lines,JFK,ATL
DL939,1690675217,1690685782,10565,Delta Air Lines,ATL,MKE
DL253,1690673387,1690674899,1512,Delta Air Lines,SFO,SEA
DL938,1690675821,1690676162,341,Delta Air Lines,DFW,SEA
DL297,1690674494,1690677727,3233,Delta Air Lines,ORD,LAX
DL642,1690672537,1690675381,2844,Delta Air Lines,DFW,SFO
DL761,1690678737,1690681891,3154,Delta Air Lines,ATL,SEA
DL137,1690672799,1690673243,444,Delta Air Lines,SFO,JFK
DL520,1690672993,1690681096,8103,Delta Air Lines,BOS,SFO
DL153,1690679298,1690680707,1409,Delta Air Lines,JFK,BOS
DL161,1690677613,1690679487,1874,Delta Air Lines,SFO,SEA
DL831,1690674962,1690677149,2187,Delta Air Lines,JFK,BOS
DL112,1690674811,1690677743,2932,Delta Air Lines,JFK,MKE
DL280,1690674603,1690677232,2629,Delta Air Lines,BOS,SFO
DL427,1690672440,1690673276,836,Delta Air Lines,LAX,BOS
DL823,1690673955,1690676639,2684,Delta Air Lines,LAX,JFK
DL490,1690675294,1690675788,494,Delta Air Lines,ATL,LAX
DL255,1690678900,1690686143,7243,Delta Air Lines,SEA,LAX
DL537,1690674127,1690676379,2252,Delta Air Lines,ATL,ORD
DL811,1690678998,1690682049,3051,Delta Air Lines,SEA,ORD
DL748,1690674360,1690674739,379,Delta Air Lines,SEA,ORD
DL357,1690677234,1690679694,2460,Delta Air Lines,ATL,BOS
DL187,1690675133,1690676030,897,Delta Air Lines,JFK,BOS
DL960,1690673646,1690674666,1020,Delta Air Lines,ORD,ATL
DL260,1690673849,1690680079,6230,Delta Air Lines,MKE,SEA
DL608,1690675365,1690677744,2379,Delta Air Lines,ATL,BOS
DL702,1690677184,1690678056,872,Delta Air Lines,MKE,JFK
DL986,1690675747,1690676214,467,Delta Air Lines,SFO,SEA
DL703,1690677508,1690679414,1906,Delta Air Lines,DFW,MKE
DL218,1690675237,1690677598,2361,Delta Air Lines,LAX,MKE
DL570,1690674363,1690674598,235,Delta Air Lines,LAX,JFK
DL199,1690675644,1690678812,3168,Delta Air Lines,LAX,ATL
DL560,1690679441,1690682391,2950,Delta Air Lines,SFO,SEA
DL726,1690676836,1690683178,6342,Delta Air Lines,ORD,LAX
DL991,1690673887,1690677376,3489,Delta Air Lines,LAX,SFO
DL891,1690673872,1690676444,2572,Delta Air Lines,DFW,JFK
DL805,1690674473,1690675379,906,Delta Air Lines,SFO,SEA
DL694,1690675409,1690682239,6830,Delta Air Lines,JFK,ATL
DL180,1690673788,1690674900,1112,Delta Air Lines,SFO,BOS
DL678,1690675554,1690678196,2642,Delta Air Lines,LAX,MKE
DL469,1690676446,1690676764,318,Delta Air Lines,SEA,SFO
DL899,1690675731,1690675887,156,Delta Air Lines,SFO,LAX
DL356,1690675460,1690677898,2438,Delta Air Lines,SFO,JFK
DL211,1690675659,1690677223,1564,Delta Air Lines,BOS,JFK
DL287,1690676430,1690678897,2467,Delta Air Lines,SEA,JFK
DL382,1690674656,1690674838,182,Delta Air Lines,SFO,DFW
DL478,1690673917,1690674562,645,Delta Air Lines,SEA,ORD
DL171,1690676419,1690677897,1478,Delta Air Lines,SEA,MKE
DL933,1690672738,1690674501,1763,Delta Air Lines,ORD,JFK
DL750,1690673406,1690676269,2863,Delta Air Lines,LAX,JFK
DL407,1690678093,1690679139,1046,Delta Air Lines,LAX,MKE
DL318,1690675153,1690677394,2241,Delta Air Lines,SFO,LAX
DL363,1690679254,1690679679,425,Delta Air Lines,ATL,SFO
DL988,1690678262,1690679325,1063,Delta Air Lines,DFW,MKE
DL696,1690677210,1690679204,1994,Delta Air Lines,BOS,LAX
DL555,1690673055,1690676624,3569,Delta Air Lines,DFW,BOS
DL871,1690675852,1690684854,9002,Delta Air Lines,ORD,JFK
DL854,1690675870,1690677526,1656,Delta Air Lines,BOS,SEA
DL971,1690674666,1690677864,3198,Delta Air Lines,ORD,MKE
DL486,1690677245,1690678112,867,Delta Air Lines,SEA,LAX
DL646,1690674621,1690676561,1940,Delta Air Lines,SEA,SFO
DL139,1690673472,1690684252,10780,Delta Air Lines,ORD,SFO
DL540,1690678865,1690679864,999,Delta Air Lines,BOS,SEA
DL545,1690673278,1690676830,3552,Delta Air Lines,MKE,ATL
DL947,1690676145,1690685856,9711,Delta Air Lines,MKE,BOS
DL245,1690673551,1690674042,491,Delta Air Lines,ATL,SEA
DL822,1690679395,1690683028,3633,Delta Air Lines,DFW,LAX
DL167,1690676233,1690679005,2772,Delta Air Lines,DFW,JFK
DL986,1690675672,1690676376,704,Delta Air Lines,SFO,SEA
DL776,1690673101,1690673278,177,Delta Air Lines,MKE,DFW
DL839,1690673389,1690674430,1041,Delta Air Lines,DFW,SEA
DL423,1690674336,1690674684,348,Delta Air Lines,LAX,DFW
DL439,1690676724,1690677673,949,Delta Air Lines,SEA,BOS
DL906,1690674209,1690676501,2292,Delta Air Lines,ATL,JFK
DL477,1690678098,1690678275,177,Delta Air Lines,JFK,MKE
DL194,1690676663,1690679506,2843,Delta Air Lines,ORD,BOS
DL402,1690675875,1690676446,571,Delta Air Lines,LAX,SEA
DL855,1690677952,1690679175,1223,Delta Air Lines,SFO,JFK
DL700,1690676309,1690680885,4576,Delta Air Lines,ATL,DFW
DL310,1690675959,1690685523,9564,Delta Air Lines,ATL,SFO
DL760,1690674819,1690676198,1379,Delta Air Lines,LAX,ORD
DL332,1690674166,1690676985,2819,Delta Air Lines,SEA,JFK
DL457,1690679075,1690681014,1939,Delta Air Lines,JFK,SEA
DL775,1690679443,1690680160,717,Delta Air Lines,ATL,MKE
DL771,1690675462,1690678226,2764,Delta Air Lines,JFK,DFW
DL411,1690672408,1690673699,1291,Delta Air Lines,LAX,JFK
DL191,1690672747,1690681869,9122,Delta Air Lines,JFK,DFW
DL237,1690675528,1690685560,10032,Delta Air Lines,MKE,DFW
DL111,1690672314,1690674141,1827,Delta Air Lines,MKE,ATL
DL616,1690676940,1690677405,465,Delta Air Lines,BOS,DFW
DL662,1690677477,1690683592,6115,Delta Air Lines,MKE,LAX
DL111,1690674297,1690674396,99,Delta Air Lines,SFO,SEA
DL208,1690678388,1690679629,1241,Delta Air Lines,JFK,SEA
DL341,1690679439,1690686521,7082,Delta Air Lines,DFW,ORD
DL390,1690674997,1690675208,211,Delta Air Lines,DFW,LAX
DL379,1690674709,1690676411,1702,Delta Air Lines,SFO,JFK
DL254,1690678304,1690684894,6590,Delta Air Lines,ORD,ATL
DL179,1690674022,1690674078,56,Delta Air Lines,MKE,ORD
DL957,1690678366,1690678582,216,Delta Air Lines,DFW,BOS
DL532,1690673300,1690674958,1658,Delta Air Lines,SEA,DFW
DL534,1690677570,1690679059,1489,Delta Air Lines,DFW,SFO
DL589,1690672373,1690674554,2181,Delta Air Lines,ATL,SEA
DL834,1690677042,1690680329,3287,Delta Air Lines,MKE,SEA
DL528,1690675513,1690675693,180,Delta Air Lines,LAX,DFW
DL266,1690673869,1690684328,10459,Delta Air Lines,JFK,SFO
DL676,1690675948,1690679181,3233,Delta Air Lines,JFK,DFW
DL693,1690674060,1690676752,2692,Delta Air Lines,SFO,BOS
DL737,1690674186,1690676709,2523,Delta Air Lines,ATL,DFW
DL228,1690673052,1690673226,174,Delta Air Lines,ORD,LAX
DL295,1690673955,1690678222,4267,Delta Air Lines,ATL,JFK
DL603,1690678341,1690683751,5410,Delta Air Lines,DFW,BOS
DL899,1690674753,1690675715,962,Delta Air Lines,BOS,SFO
DL396,1690674884,1690676865,1981,Delta Air Lines,SFO,SEA
DL146,1690678587,1690682917,4330,Delta Air Lines,BOS,ORD
DL425,1690677781,1690678289,508,Delta Air Lines,DFW,ORD
DL204,1690672378,1690675974,3596,Delta Air Lines,ORD,JFK
DL824,1690678297,1690680413,2116,Delta Air Lines,LAX,BOS
DL101,1690677643,1690677778,135,Delta Air Lines,LAX,ORD
DL731,1690677722,1690682866,5144,Delta Air Lines,SFO,DFW
DL581,1690676451,1690681336,4885,Delta Air Lines,SEA,JFK
DL226,1690675395,1690675566,171,Delta Air Lines,BOS,ATL
DL442,1690673678,1690676373,2695,Delta Air Lines,LAX,SEA
DL467,1690677300,1690681846,4546,Delta Air Lines,SFO,LAX
DL813,1690678544,1690680869,2325,Delta Air Lines,BOS,ORD
DL603,1690674423,1690679005,4582,Delta Air Lines,ORD,BOS
DL401,1690673092,1690675757,2665,Delta Air Lines,BOS,JFK
DL920,1690675969,1690679162,3193,Delta Air Lines,ATL,SEA
DL928,1690675987,1690677970,1983,Delta Air Lines,LAX,SFO
DL134,1690676098,1690677544,1446,Delta Air Lines,ORD,BOS
DL271,1690676966,1690679483,2517,Delta Air Lines,JFK,DFW
DL814,1690677821,1690681176,3355,Delta Air Lines,DFW,MKE
DL784,1690679203,1690680975,1772,Delta Air Lines,BOS,SFO
DL117,1690676511,1690678500,1989,Delta Air Lines,BOS,LAX
DL356,1690676034,1690677434,1400,Delta Air Lines,JFK,BOS
DL603,1690676589,1690678727,2138,Delta Air Lines,MKE,ATL
DL563,1690672685,1690675308,2623,Delta Air Lines,MKE,ATL
DL751,1690672709,1690679830,7121,Delta Air Lines,SFO,DFW
DL806,1690677815,1690678685,870,Delta Air Lines,SFO,DFW
DL317,1690676959,1690678258,1299,Delta Air Lines,SEA,LAX
DL247,1690673073,1690680100,7027,Delta Air Lines,MKE,SFO
DL229,1690678550,1690688764,10214,Delta Air Lines,DFW,JFK
DL602,1690677127,1690682885,5758,Delta Air Lines,LAX,SEA
DL828,1690676900,1690687098,10198,Delta Air Lines,SEA,ATL
DL401,1690675566,1690678813,3247,Delta Air Lines,ATL,MKE
DL177,1690675748,1690676156,408,Delta Air Lines,JFK,ORD
DL819,1690672599,1690675259,2660,Delta Air Lines,DFW,JFK
DL406,1690678934,1690680869,1935,Delta Air Lines,ATL,LAX
DL631,1690672388,1690672531,143,Delta Air Lines,JFK,ORD
DL204,1690672361,1690675315,2954,Delta Air Lines,LAX,ORD
DL951,1690676993,1690679074,2081,Delta Air Lines,JFK,SEA
DL926,1690676166,1690679387,3221,Delta Air Lines,SEA,LAX
DL566,1690676184,1690677857,1673,Delta Air Lines,JFK,ORD
DL869,1690673889,1690677288,3399,Delta Air Lines,LAX,ATL
DL353,1690675601,1690675807,206,Delta Air Lines,BOS,ATL
DL882,1690676244,1690676976,732,Delta Air Lines,LAX,DFW
DL341,1690672812,1690683608,10796,Delta Air Lines,ATL,SEA
DL803,1690677861,1690681047,3186,Delta Air Lines,DFW,ORD
DL450,1690679334,1690682557,3223,Delta Air Lines,JFK,MKE
DL158,1690677378,1690680641,3263,Delta Air Lines,LAX,ATL
DL591,1690677497,1690680653,3156,Delta Air Lines,SFO,SEA
DL787,1690679471,1690680514,1043,Delta Air Lines,BOS,JFK
DL405,1690676365,1690677479,1114,Delta Air Lines,DFW,SFO
DL355,1690672755,1690675254,2499,Delta Air Lines,ATL,MKE
DL973,1690673232,1690674195,963,Delta Air Lines,SEA,ORD
DL169,1690673397,1690676816,3419,Delta Air Lines,JFK,MKE
DL160,1690677399,1690680834,3435,Delta Air Lines,BOS,ATL
DL961,1690676232,1690678646,2414,Delta Air Lines,ATL,BOS
DL240,1690676021,1690681467,5446,Delta Air Lines,DFW,JFK
DL320,1690673662,1690680161,6499,Delta Air Lines,LAX,JFK
DL184,1690676763,1690687008,10245,Delta Air Lines,LAX,BOS
DL271,1690672375,1690673483,1108,Delta Air Lines,JFK,LAX
DL703,1690674451,1690678015,3564,Delta Air Lines,ORD,MKE
DL828,1690673850,1690683302,9452,Delta Air Lines,ATL,BOS
DL405,1690675809,1690676417,608,Delta Air Lines,MKE,JFK
DL194,1690677904,1690677940,36,Delta Air Lines,BOS,JFK
DL824,1690677385,1690678851,1466,Delta Air Lines,ORD,ATL
DL482,1690674235,1690683623,9388,Delta Air Lines,ATL,MKE
DL662,1690672607,1690674960,2353,Delta Air Lines,SFO,ATL
DL193,1690678767,1690678958,191,Delta Air Lines,ATL,MKE
DL364,1690679236,1690681445,2209,Delta Air Lines,SFO,LAX
DL622,1690678924,1690681167,2243,Delta Air Lines,ORD,SFO
DL975,1690678119,1690679440,1321,Delta Air Lines,ORD,LAX
DL138,1690672355,1690673733,1378,Delta Air Lines,DFW,ORD
DL198,1690677895,1690680510,2615,Delta Air Lines,SEA,MKE
DL757,1690675806,1690676628,822,Delta Air Lines,MKE,DFW
DL741,1690673043,1690673949,906,Delta Air Lines,JFK,BOS
DL571,1690676458,1690677298,840,Delta Air Lines,ORD,JFK
DL219,1690676788,1690679702,2914,Delta Air Lines,DFW,ATL
DL176,1690672892,1690674714,1822,Delta Air Lines,DFW,MKE
DL901,1690677359,1690679891,2532,Delta Air Lines,LAX,JFK
DL979,1690675323,1690677574,2251,Delta Air Lines,SEA,ORD
DL235,1690678283,1690680902,2619,Delta Air Lines,MKE,SEA
DL682,1690676589,1690683245,6656,Delta Air Lines,BOS,SEA
